{
	"partitions" : [
		{
			"name" : "Top",
			"pins" : [
				{
					"name" : "Done",
					"strict" : false
				},
				{
					"name" : "BusWires[0]",
					"strict" : false
				},
				{
					"name" : "BusWires[1]",
					"strict" : false
				},
				{
					"name" : "BusWires[2]",
					"strict" : false
				},
				{
					"name" : "BusWires[3]",
					"strict" : false
				},
				{
					"name" : "BusWires[4]",
					"strict" : false
				},
				{
					"name" : "BusWires[5]",
					"strict" : false
				},
				{
					"name" : "BusWires[6]",
					"strict" : false
				},
				{
					"name" : "BusWires[7]",
					"strict" : false
				},
				{
					"name" : "BusWires[8]",
					"strict" : false
				},
				{
					"name" : "Pclock",
					"strict" : false
				},
				{
					"name" : "Run",
					"strict" : false
				},
				{
					"name" : "Resetn",
					"strict" : false
				},
				{
					"name" : "Mclock",
					"strict" : false
				}
			]
		}
	]
}